-- ----------------------------
-- Table structure for cms_blog
-- ----------------------------
DROP TABLE IF EXISTS `cms_blog`;
CREATE TABLE `cms_blog`  (
                             `id` bigint(20) NOT NULL AUTO_INCREMENT COMMENT 'ID',
                             `create_by` varchar(64) CHARACTER SET utf8mb4 COLLATE utf8mb4_general_ci DEFAULT '' COMMENT '创建者',
                             `create_time` datetime(0) DEFAULT NULL COMMENT '创建时间',
                             `update_by` varchar(64) CHARACTER SET utf8mb4 COLLATE utf8mb4_general_ci DEFAULT '' COMMENT '更新者',
                             `update_time` datetime(0) DEFAULT NULL COMMENT '更新时间',
                             `title` varchar(50) CHARACTER SET utf8mb4 COLLATE utf8mb4_general_ci NOT NULL COMMENT '标题',
                             `type` char(1) CHARACTER SET utf8mb4 COLLATE utf8mb4_general_ci NOT NULL COMMENT '类型',
                             `content` longblob COMMENT '内容',
                             `Top` char(1) CHARACTER SET utf8mb4 COLLATE utf8mb4_general_ci DEFAULT '0' COMMENT '置顶（0否 1是）',
                             `views` int(11) DEFAULT 0 COMMENT '阅读',
                             `status` char(1) CHARACTER SET utf8mb4 COLLATE utf8mb4_general_ci DEFAULT '0' COMMENT '状态（0暂存 1发布）',
                             `blog_pic` varchar(100) CHARACTER SET utf8mb4 COLLATE utf8mb4_general_ci DEFAULT '' COMMENT '首页图片',
                             `blog_desc` varchar(100) CHARACTER SET utf8mb4 COLLATE utf8mb4_general_ci DEFAULT '' COMMENT '简介',
                             `blog_files` text CHARACTER SET utf8mb4 COLLATE utf8mb4_general_ci COMMENT '附件列表',
                             PRIMARY KEY (`id`) USING BTREE
) ENGINE = InnoDB AUTO_INCREMENT = 23 CHARACTER SET = utf8mb4 COLLATE = utf8mb4_general_ci COMMENT = '博客信息表' ROW_FORMAT = Dynamic;

-- ----------------------------
-- Records of cms_blog
-- ----------------------------
INSERT INTO `cms_blog` VALUES (7, 'admin', '2022-01-02 12:25:26', 'admin', '2022-09-27 10:56:23', '阿萨', '1', 0x3C683120636C6173733D22716C2D616C69676E2D63656E746572223EE6B58BE8AF953C2F68313E3C703E312EE58F91E7949FE79A84E59CB0E696B9E998BFE890A8E79A843C2F703E3C703E322EE5958AE6898BE58AA8E998803C2F703E3C703EE998BFE890A8E4BA8BE5AE9EE4B88A3C2F703E, '1', 61, '1', '', '置顶文章', '[]');
INSERT INTO `cms_blog` VALUES (10, 'admin', '2022-01-03 02:59:22', '', NULL, '2222', '1', NULL, '0', 0, '0', '', NULL, NULL);
INSERT INTO `cms_blog` VALUES (13, 'admin', '2022-01-03 21:37:57', 'admin', '2022-01-13 14:45:08', '强强强强', '1', NULL, '0', 3, '1', '', NULL, NULL);
INSERT INTO `cms_blog` VALUES (14, '若依', '2022-01-04 14:31:31', 'admin', '2022-06-16 10:57:18', '若依', '1', 0x3C703E3C62723E3C2F703E, '0', 4, '1', '', NULL, NULL);
INSERT INTO `cms_blog` VALUES (16, 'admin', '2022-01-05 09:44:53', 'admin', '2022-09-26 09:36:15', '阿斯顿v奥迪的vvv从vvc从v从 啊高富帅是否公司费格式发给非钢是法国四个非钢', '1', 0x3C68323EE6ADA4E4BA8BE998BFE890A8E79A843C2F68323E3C68333EE5958AE6898BE58AA8E998803C2F68333E3C703E3C656D3EE5958A3C2F656D3E3C656D207374796C653D22636F6C6F723A20726762283233302C20302C2030293B223EE58F91E7949F3C2F656D3E3C656D3EE79A843C2F656D3E3C2F703E3C703E3C733EE5A5A5E8BFAAE58F913C2F733E3C2F703E3C703E3C7370616E207374796C653D226261636B67726F756E642D636F6C6F723A20726762283235352C203235352C2030293B223EE698AFE590A63C2F7370616E3E3C2F703E3C703E3C62723E3C2F703E3C703E3C62723E3C2F703E3C703E3C62723E3C2F703E3C703E3C62723E3C2F703E3C703E3C62723E3C2F703E3C703E3C62723E3C2F703E3C683220636C6173733D22716C2D616C69676E2D63656E746572223E3C7374726F6E673EE5A5A5E8BFAA3C2F7374726F6E673E3C2F68323E3C703E3C753EE5958AE6898BE58AA8E998803C2F753E3C2F703E3C703E3C62723E3C2F703E3C703E3C62723E3C2F703E3C703E3C62723E3C2F703E3C703E3C62723E3C2F703E3C703E3C62723E3C2F703E3C703E3C62723E3C2F703E3C626C6F636B71756F74653E7661722061203D20313B3C2F626C6F636B71756F74653E3C626C6F636B71756F74653E666F7220286C65742069203D20303B206920266C743B31303B20692B2B297B3C2F626C6F636B71756F74653E3C626C6F636B71756F74653E7D3C2F626C6F636B71756F74653E3C70726520636C6173733D22716C2D73796E74617822207370656C6C636865636B3D2266616C7365223E7661722061203D20313B0A666F7220286C65742069203D20303B206920266C743B31303B20692B2B297B0A7D0A3C2F7072653E3C703E3132333C2F703E3C703E3C62723E3C2F703E3C703E3C6120687265663D22687474703A2F2F7777772E62616964752E636F6D222072656C3D226E6F6F70656E6572206E6F726566657272657222207461726765743D225F626C616E6B223EE799BEE5BAA63C2F613E3C2F703E, '0', 144, '1', '', NULL, NULL);
INSERT INTO `cms_blog` VALUES (17, 'admin', '2022-01-12 16:06:28', 'admin', '2022-06-23 16:16:54', '你好!!!!', '2', 0x3C703EE5928CE982A3E8B7AFE4B88AE79C8BE588B0E4BDA0E7ACACE4B889E696B93C2F703E3C703EE5A4A7E5B888E582853C2F703E3C703EE5958AE6898BE58AA8E998803C2F703E3C703EE5958AE6898BE58AA8E998803C2F703E3C703EE69292E697A63C2F703E, '0', 0, '1', '', NULL, NULL);
INSERT INTO `cms_blog` VALUES (18, 'admin', '2022-01-12 16:55:46', 'admin', '2022-02-10 17:00:10', '啊调查啊', '2', 0x3C703EE5958AE5958A3C7374726F6E673EE5958AE588863C2F7374726F6E673E3C2F703E3C703E3C62723E3C2F703E3C6F6C3E3C6C693EE5A5A5E8BFAAE58F913C2F6C693E3C6C693EE5AE89E68A9A3C2F6C693E3C2F6F6C3E3C703E3C7370616E207374796C653D226261636B67726F756E642D636F6C6F723A20726762283235352C203235352C20313032293B223EE5A5A5E8BFAAE58F913C2F7370616E3E3C2F703E3C703E3C7370616E207374796C653D226261636B67726F756E642D636F6C6F723A20726762283235352C203235352C20313032293B223EEFBBBF3C2F7370616E3E3C2F703E, '0', 0, '1', '', NULL, NULL);
INSERT INTO `cms_blog` VALUES (19, 'admin', '2022-01-12 17:40:54', 'admin', '2022-09-26 09:36:08', '是VSD v阿萨DVD v大是大非v阿斯蒂芬v地方', '1', 0x3C703E31323334353535E79A84E9A38EE6A0BC3C2F703E, '0', 204, '1', '', NULL, NULL);
INSERT INTO `cms_blog` VALUES (22, 'admin', '2022-06-13 09:13:50', 'admin', '2022-09-27 10:31:41', '测试', '1', NULL, '0', 77, '1', '', '萨达VS奥迪发奥迪发奥迪发答复答复答复奥迪奥迪发奥迪发奥迪发答复奥迪发奥迪发奥迪发奥迪发答复答复答复', NULL);

-- ----------------------------
-- Table structure for cms_blog_file
-- ----------------------------
DROP TABLE IF EXISTS `cms_blog_file`;
CREATE TABLE `cms_blog_file`  (
                                  `file_id` bigint(20) NOT NULL COMMENT '文件ID',
                                  `blog_id` bigint(20) NOT NULL COMMENT 'blogID',
                                  PRIMARY KEY (`file_id`, `blog_id`) USING BTREE
) ENGINE = InnoDB CHARACTER SET = utf8mb4 COLLATE = utf8mb4_general_ci COMMENT = 'blog文件表' ROW_FORMAT = Dynamic;

-- ----------------------------
-- Records of cms_blog_file
-- ----------------------------
INSERT INTO `cms_blog_file` VALUES (33, 17);
INSERT INTO `cms_blog_file` VALUES (34, 17);
INSERT INTO `cms_blog_file` VALUES (36, 17);
INSERT INTO `cms_blog_file` VALUES (37, 17);

-- ----------------------------
-- Table structure for cms_blog_tag
-- ----------------------------
DROP TABLE IF EXISTS `cms_blog_tag`;
CREATE TABLE `cms_blog_tag`  (
                                 `tag_id` bigint(20) NOT NULL COMMENT '标签ID',
                                 `blog_id` bigint(20) NOT NULL COMMENT 'blogID',
                                 PRIMARY KEY (`tag_id`, `blog_id`) USING BTREE
) ENGINE = InnoDB CHARACTER SET = utf8mb4 COLLATE = utf8mb4_general_ci COMMENT = 'blog标签关联表' ROW_FORMAT = Dynamic;

-- ----------------------------
-- Records of cms_blog_tag
-- ----------------------------
INSERT INTO `cms_blog_tag` VALUES (20, 7);
INSERT INTO `cms_blog_tag` VALUES (20, 22);
INSERT INTO `cms_blog_tag` VALUES (21, 16);
INSERT INTO `cms_blog_tag` VALUES (21, 22);
INSERT INTO `cms_blog_tag` VALUES (22, 22);
INSERT INTO `cms_blog_tag` VALUES (23, 22);
INSERT INTO `cms_blog_tag` VALUES (24, 7);
INSERT INTO `cms_blog_tag` VALUES (24, 22);
INSERT INTO `cms_blog_tag` VALUES (25, 7);
INSERT INTO `cms_blog_tag` VALUES (25, 16);
INSERT INTO `cms_blog_tag` VALUES (25, 22);
INSERT INTO `cms_blog_tag` VALUES (26, 19);
INSERT INTO `cms_blog_tag` VALUES (26, 22);

-- ----------------------------
-- Table structure for cms_blog_type
-- ----------------------------
DROP TABLE IF EXISTS `cms_blog_type`;
CREATE TABLE `cms_blog_type`  (
                                  `type_id` bigint(20) NOT NULL COMMENT '类型ID',
                                  `blog_id` bigint(20) NOT NULL COMMENT 'blogID',
                                  PRIMARY KEY (`type_id`, `blog_id`) USING BTREE
) ENGINE = InnoDB CHARACTER SET = utf8mb4 COLLATE = utf8mb4_general_ci COMMENT = 'blog分类关联表' ROW_FORMAT = Dynamic;

-- ----------------------------
-- Records of cms_blog_type
-- ----------------------------
INSERT INTO `cms_blog_type` VALUES (10, 7);
INSERT INTO `cms_blog_type` VALUES (10, 22);
INSERT INTO `cms_blog_type` VALUES (11, 16);
INSERT INTO `cms_blog_type` VALUES (11, 22);
INSERT INTO `cms_blog_type` VALUES (13, 7);
INSERT INTO `cms_blog_type` VALUES (13, 22);
INSERT INTO `cms_blog_type` VALUES (14, 19);
INSERT INTO `cms_blog_type` VALUES (14, 22);
INSERT INTO `cms_blog_type` VALUES (15, 22);
INSERT INTO `cms_blog_type` VALUES (16, 22);

-- ----------------------------
-- Table structure for cms_comment
-- ----------------------------
DROP TABLE IF EXISTS `cms_comment`;
CREATE TABLE `cms_comment`  (
                                `id` bigint(20) NOT NULL AUTO_INCREMENT COMMENT 'ID',
                                `parent_id` bigint(20) DEFAULT NULL COMMENT '父评论id',
                                `main_id` bigint(20) DEFAULT NULL COMMENT '主评论id(第一级评论)',
                                `like_num` int(11) DEFAULT NULL COMMENT '点赞数量',
                                `content` varchar(255) CHARACTER SET utf8mb4 COLLATE utf8mb4_general_ci DEFAULT NULL COMMENT '内容',
                                `type` char(1) CHARACTER SET utf8mb4 COLLATE utf8mb4_general_ci DEFAULT NULL COMMENT '评论类型：对人评论，对项目评论，对资源评论',
                                `blog_id` bigint(20) DEFAULT NULL COMMENT '被评论者id，可以是人、项目、资源',
                                `del_flag` char(1) CHARACTER SET utf8mb4 COLLATE utf8mb4_general_ci DEFAULT '0' COMMENT '删除标志（0代表存在 1代表删除）',
                                `user_id` bigint(20) DEFAULT NULL COMMENT '评论者id',
                                `create_by` varchar(64) CHARACTER SET utf8mb4 COLLATE utf8mb4_general_ci DEFAULT '' COMMENT '创建者',
                                `create_time` datetime(0) DEFAULT NULL COMMENT '创建时间',
                                `update_by` varchar(64) CHARACTER SET utf8mb4 COLLATE utf8mb4_general_ci DEFAULT '' COMMENT '更新者',
                                `update_time` datetime(0) DEFAULT NULL COMMENT '更新时间',
                                PRIMARY KEY (`id`) USING BTREE
) ENGINE = InnoDB AUTO_INCREMENT = 6 CHARACTER SET = utf8mb4 COLLATE = utf8mb4_general_ci COMMENT = '评论表' ROW_FORMAT = Dynamic;

-- ----------------------------
-- Records of cms_comment
-- ----------------------------
INSERT INTO `cms_comment` VALUES (1, NULL, NULL, 13, 'v地方', '0', 19, '0', 1, 'admin', '2022-01-28 17:43:08', '', NULL);
INSERT INTO `cms_comment` VALUES (2, 1, 1, NULL, '奥迪发', '1', 19, '0', 1, 'admin', '2022-01-28 17:43:47', '', NULL);
INSERT INTO `cms_comment` VALUES (3, NULL, NULL, 0, '啊吖吖', '0', 16, '0', 1, 'admin', '2022-01-28 18:09:23', '', NULL);
INSERT INTO `cms_comment` VALUES (4, 2, 1, NULL, '测试', '1', 19, '0', NULL, '匿名用户', '2022-06-16 15:44:28', '', NULL);
INSERT INTO `cms_comment` VALUES (5, NULL, NULL, NULL, '哈哈哈', '0', 19, '0', NULL, '匿名用户', '2022-06-16 15:45:17', '', NULL);

-- ----------------------------
-- Table structure for cms_comment_like
-- ----------------------------
DROP TABLE IF EXISTS `cms_comment_like`;
CREATE TABLE `cms_comment_like`  (
                                     `comment_id` bigint(20) NOT NULL COMMENT '点赞评论ID',
                                     `user_id` bigint(20) NOT NULL COMMENT '用户ID',
                                     `create_by` varchar(64) CHARACTER SET utf8mb4 COLLATE utf8mb4_general_ci DEFAULT '' COMMENT '创建者',
                                     `create_time` datetime(0) DEFAULT NULL COMMENT '创建时间',
                                     `update_by` varchar(64) CHARACTER SET utf8mb4 COLLATE utf8mb4_general_ci DEFAULT '' COMMENT '更新者',
                                     `update_time` datetime(0) DEFAULT NULL COMMENT '更新时间',
                                     PRIMARY KEY (`comment_id`, `user_id`) USING BTREE
) ENGINE = InnoDB CHARACTER SET = utf8mb4 COLLATE = utf8mb4_general_ci COMMENT = '留言点赞表' ROW_FORMAT = Dynamic;

-- ----------------------------
-- Table structure for cms_message
-- ----------------------------
DROP TABLE IF EXISTS `cms_message`;
CREATE TABLE `cms_message`  (
                                `id` bigint(20) NOT NULL AUTO_INCREMENT COMMENT 'ID',
                                `parent_id` bigint(20) DEFAULT NULL COMMENT '父留言id',
                                `main_id` bigint(20) DEFAULT NULL COMMENT '主留言id(第一级留言)',
                                `like_num` int(11) DEFAULT NULL COMMENT '点赞数量',
                                `content` varchar(255) CHARACTER SET utf8mb4 COLLATE utf8mb4_general_ci DEFAULT NULL COMMENT '内容',
                                `type` char(1) CHARACTER SET utf8mb4 COLLATE utf8mb4_general_ci DEFAULT NULL COMMENT '留言类型：对人评论，对项目评论，对资源评论（0代表留言 1代表回复）',
                                `blog_id` bigint(20) DEFAULT NULL COMMENT '被留言者id，可以是人、项目、资源',
                                `del_flag` char(1) CHARACTER SET utf8mb4 COLLATE utf8mb4_general_ci DEFAULT '0' COMMENT '删除标志（0代表存在 1代表删除）',
                                `user_id` bigint(20) DEFAULT NULL COMMENT '留言者id',
                                `create_by` varchar(64) CHARACTER SET utf8mb4 COLLATE utf8mb4_general_ci DEFAULT '' COMMENT '创建者',
                                `create_time` datetime(0) DEFAULT NULL COMMENT '创建时间',
                                `update_by` varchar(64) CHARACTER SET utf8mb4 COLLATE utf8mb4_general_ci DEFAULT '' COMMENT '更新者',
                                `update_time` datetime(0) DEFAULT NULL COMMENT '更新时间',
                                PRIMARY KEY (`id`) USING BTREE
) ENGINE = InnoDB AUTO_INCREMENT = 55 CHARACTER SET = utf8mb4 COLLATE = utf8mb4_general_ci COMMENT = '留言表' ROW_FORMAT = Dynamic;

-- ----------------------------
-- Records of cms_message
-- ----------------------------
INSERT INTO `cms_message` VALUES (1, NULL, NULL, 22, '你好', '0', NULL, '0', 1, 'admin', '2022-01-15 15:24:46', '', NULL);
INSERT INTO `cms_message` VALUES (2, NULL, NULL, 10, 'hello!!  123', '0', NULL, '0', 1, 'admin', '2022-01-15 15:25:26', '', NULL);
INSERT INTO `cms_message` VALUES (3, 1, 1, 2, '我很好!', '1', NULL, '0', NULL, '匿名用户', '2022-01-15 15:25:51', '', NULL);
INSERT INTO `cms_message` VALUES (4, 1, 1, 3, '大家好', '1', NULL, '0', 1, 'admin', '2022-01-15 15:26:23', '', NULL);
INSERT INTO `cms_message` VALUES (5, 3, 1, 3, '好', '1', NULL, '0', 1, 'admin', '2022-01-15 15:26:39', '', NULL);
INSERT INTO `cms_message` VALUES (6, NULL, NULL, 2, '测试', '0', NULL, '0', NULL, '匿名用户', '2022-01-16 18:17:27', '', NULL);
INSERT INTO `cms_message` VALUES (17, 6, 6, NULL, '额', '1', NULL, '0', 1, 'admin', '2022-01-16 20:42:39', '', NULL);
INSERT INTO `cms_message` VALUES (23, 17, 6, NULL, '哈哈', '1', NULL, '0', NULL, '匿名用户', '2022-01-19 01:31:19', '', NULL);
INSERT INTO `cms_message` VALUES (24, 5, 1, NULL, '1', '1', NULL, '0', NULL, '匿名用户', '2022-01-19 01:33:03', '', NULL);
INSERT INTO `cms_message` VALUES (26, 23, 6, NULL, '啊', '1', NULL, '1', 1, 'admin', '2022-01-19 17:17:43', '', NULL);
INSERT INTO `cms_message` VALUES (27, NULL, NULL, 0, '阿斯顿v阿萨v发到付vDVD发v地方vv阿飞阿斯顿v阿萨v阿萨v阿斯顿v阿斯顿v沙发VS发VS的VS调查', '0', NULL, '0', 1, 'admin', '2022-01-19 17:30:29', '', NULL);
INSERT INTO `cms_message` VALUES (28, NULL, NULL, 0, '阿萨的顶顶顶顶顶顶顶顶顶', '0', NULL, '0', 1, 'admin', '2022-01-19 17:30:51', '', NULL);
INSERT INTO `cms_message` VALUES (48, NULL, NULL, 1, 'good!\n', '0', NULL, '0', 2, '若依', '2022-01-20 10:33:14', '', NULL);
INSERT INTO `cms_message` VALUES (49, 1, 1, NULL, '若依', '1', NULL, '0', 2, '若依', '2022-01-20 10:33:32', '', NULL);
INSERT INTO `cms_message` VALUES (50, 2, 2, NULL, '你好\n', '1', NULL, '0', 2, '若依', '2022-01-20 10:33:53', '', NULL);
INSERT INTO `cms_message` VALUES (51, 50, 2, NULL, 'yes', '1', NULL, '0', 1, 'admin', '2022-01-20 10:34:39', '', NULL);
INSERT INTO `cms_message` VALUES (52, 49, 1, NULL, '你好若依\n', '1', NULL, '0', 1, 'admin', '2022-01-20 17:20:24', '', NULL);
INSERT INTO `cms_message` VALUES (53, 26, 6, NULL, '问什么删评论', '1', NULL, '0', 1, 'admin', '2022-01-21 10:13:20', '', NULL);
INSERT INTO `cms_message` VALUES (54, 53, 6, NULL, 'why?', '1', NULL, '0', 2, '若依', '2022-01-21 10:15:47', '', NULL);

-- ----------------------------
-- Table structure for cms_message_like
-- ----------------------------
DROP TABLE IF EXISTS `cms_message_like`;
CREATE TABLE `cms_message_like`  (
                                     `message_id` bigint(20) NOT NULL COMMENT '点赞留言ID',
                                     `user_id` bigint(20) NOT NULL COMMENT '用户ID',
                                     `create_by` varchar(64) CHARACTER SET utf8mb4 COLLATE utf8mb4_general_ci DEFAULT '' COMMENT '创建者',
                                     `create_time` datetime(0) DEFAULT NULL COMMENT '创建时间',
                                     `update_by` varchar(64) CHARACTER SET utf8mb4 COLLATE utf8mb4_general_ci DEFAULT '' COMMENT '更新者',
                                     `update_time` datetime(0) DEFAULT NULL COMMENT '更新时间',
                                     PRIMARY KEY (`message_id`, `user_id`) USING BTREE
) ENGINE = InnoDB CHARACTER SET = utf8mb4 COLLATE = utf8mb4_general_ci COMMENT = '留言点赞表' ROW_FORMAT = Dynamic;

-- ----------------------------
-- Table structure for cms_tag
-- ----------------------------
DROP TABLE IF EXISTS `cms_tag`;
CREATE TABLE `cms_tag`  (
                            `tag_id` bigint(20) NOT NULL AUTO_INCREMENT COMMENT '标签ID',
                            `create_by` varchar(64) CHARACTER SET utf8mb4 COLLATE utf8mb4_general_ci DEFAULT '' COMMENT '创建者',
                            `create_time` datetime(0) DEFAULT NULL COMMENT '创建时间',
                            `update_by` varchar(64) CHARACTER SET utf8mb4 COLLATE utf8mb4_general_ci DEFAULT '' COMMENT '更新者',
                            `update_time` datetime(0) DEFAULT NULL COMMENT '更新时间',
                            `tag_name` varchar(50) CHARACTER SET utf8mb4 COLLATE utf8mb4_general_ci NOT NULL COMMENT '标签名称',
                            PRIMARY KEY (`tag_id`) USING BTREE
) ENGINE = InnoDB AUTO_INCREMENT = 27 CHARACTER SET = utf8mb4 COLLATE = utf8mb4_general_ci COMMENT = '标签信息表' ROW_FORMAT = Dynamic;

-- ----------------------------
-- Records of cms_tag
-- ----------------------------
INSERT INTO `cms_tag` VALUES (20, 'admin', '2022-01-03 22:50:05', '', NULL, '啊实打实');
INSERT INTO `cms_tag` VALUES (21, 'admin', '2022-01-03 22:50:23', '', NULL, '打');
INSERT INTO `cms_tag` VALUES (22, 'admin', '2022-01-03 22:50:43', '', NULL, '问问');
INSERT INTO `cms_tag` VALUES (23, 'admin', '2022-01-03 23:30:28', '', NULL, '阿斯弗');
INSERT INTO `cms_tag` VALUES (24, 'admin', '2022-01-03 23:30:32', '', NULL, '阿松大');
INSERT INTO `cms_tag` VALUES (25, 'admin', '2022-01-03 23:30:38', '', NULL, '愤愤愤');
INSERT INTO `cms_tag` VALUES (26, '若依', '2022-01-04 14:48:26', '', NULL, '若依');

-- ----------------------------
-- Table structure for cms_type
-- ----------------------------
DROP TABLE IF EXISTS `cms_type`;
CREATE TABLE `cms_type`  (
                             `type_id` bigint(20) NOT NULL AUTO_INCREMENT COMMENT '分类ID',
                             `create_by` varchar(64) CHARACTER SET utf8mb4 COLLATE utf8mb4_general_ci DEFAULT '' COMMENT '创建者',
                             `create_time` datetime(0) DEFAULT NULL COMMENT '创建时间',
                             `update_by` varchar(64) CHARACTER SET utf8mb4 COLLATE utf8mb4_general_ci DEFAULT '' COMMENT '更新者',
                             `update_time` datetime(0) DEFAULT NULL COMMENT '更新时间',
                             `type_name` varchar(50) CHARACTER SET utf8mb4 COLLATE utf8mb4_general_ci NOT NULL COMMENT '分类名称',
                             `type_pic` varchar(100) CHARACTER SET utf8mb4 COLLATE utf8mb4_general_ci DEFAULT '' COMMENT '分类图像',
                             PRIMARY KEY (`type_id`) USING BTREE
) ENGINE = InnoDB AUTO_INCREMENT = 17 CHARACTER SET = utf8mb4 COLLATE = utf8mb4_general_ci COMMENT = '分类信息表' ROW_FORMAT = Dynamic;


-- ----------------------------
-- Table structure for sys_file_info
-- ----------------------------
DROP TABLE IF EXISTS `sys_file_info`;
CREATE TABLE `sys_file_info`  (
                                  `file_id` bigint(20) NOT NULL AUTO_INCREMENT COMMENT '文件主键id',
                                  `file_origin_name` varchar(255) CHARACTER SET utf8mb4 COLLATE utf8mb4_unicode_ci NOT NULL COMMENT '文件名称',
                                  `file_suffix` varchar(255) CHARACTER SET utf8mb4 COLLATE utf8mb4_unicode_ci DEFAULT NULL COMMENT '文件类型，例如txt',
                                  `file_size_info` varchar(255) CHARACTER SET utf8mb4 COLLATE utf8mb4_unicode_ci DEFAULT NULL COMMENT '文件大小',
                                  `file_object_name` varchar(255) CHARACTER SET utf8mb4 COLLATE utf8mb4_unicode_ci DEFAULT NULL COMMENT '存储文件名称',
                                  `file_path` varchar(255) CHARACTER SET utf8mb4 COLLATE utf8mb4_unicode_ci DEFAULT NULL COMMENT '存储路径',
                                  `del_flag` char(1) CHARACTER SET utf8 COLLATE utf8_general_ci NOT NULL DEFAULT 'N' COMMENT '是否删除：Y-被删除，N-未删除',
                                  `create_by` varchar(64) CHARACTER SET utf8mb4 COLLATE utf8mb4_general_ci DEFAULT '' COMMENT '创建者',
                                  `create_time` datetime(0) DEFAULT NULL COMMENT '创建时间',
                                  `update_by` varchar(64) CHARACTER SET utf8mb4 COLLATE utf8mb4_general_ci DEFAULT '' COMMENT '更新者',
                                  `update_time` datetime(0) DEFAULT NULL COMMENT '更新时间',
                                  PRIMARY KEY (`file_id`) USING BTREE
) ENGINE = InnoDB AUTO_INCREMENT = 39 CHARACTER SET = utf8mb4 COLLATE = utf8mb4_general_ci COMMENT = '文件信息表' ROW_FORMAT = Dynamic;
-- ----------------------------
-- Records of cms_type
-- ----------------------------
INSERT INTO `cms_type` VALUES (10, 'admin', '2022-01-03 23:31:10', '', NULL, '阿萨的', '');
INSERT INTO `cms_type` VALUES (11, 'admin', '2022-01-03 23:31:20', '', NULL, '人然', '');
INSERT INTO `cms_type` VALUES (13, 'admin', '2022-01-03 23:31:29', '', NULL, '啊啊', '');
INSERT INTO `cms_type` VALUES (14, '若依', '2022-01-04 14:31:23', 'admin', '2022-02-10 16:56:00', '若依', '');
INSERT INTO `cms_type` VALUES (15, 'admin', '2022-01-03 21:35:44', '', NULL, '33', '');
INSERT INTO `cms_type` VALUES (16, 'admin', '2022-06-10 16:08:50', 'admin', '2022-06-13 15:14:37', 'java', '');

INSERT INTO `sys_menu` VALUES (2007, '内容管理', 0, 1, 'cms', NULL, NULL, 1, 0, 'M', '0', '0', NULL, 'documentation', 'admin', '2021-12-20 14:53:48', '', NULL, '');
INSERT INTO `sys_menu` VALUES (2026, '文件管理', 2007, 8, 'fileInfo', 'cms/fileInfo/index', NULL, 1, 0, 'C', '0', '0', 'cms:fileInfo:list', '#', 'admin', '2021-12-27 22:29:53', 'admin', '2022-01-21 10:28:14', '文件管理菜单');
INSERT INTO `sys_menu` VALUES (2027, '文件管理查询', 2026, 1, '#', '', NULL, 1, 0, 'F', '0', '0', 'cms:fileInfo:query', '#', 'admin', '2021-12-27 22:29:53', '', NULL, '');
INSERT INTO `sys_menu` VALUES (2028, '文件管理新增', 2026, 2, '#', '', NULL, 1, 0, 'F', '0', '0', 'cms:fileInfo:add', '#', 'admin', '2021-12-27 22:29:53', '', NULL, '');
INSERT INTO `sys_menu` VALUES (2029, '文件管理修改', 2026, 3, '#', '', NULL, 1, 0, 'F', '0', '0', 'cms:fileInfo:edit', '#', 'admin', '2021-12-27 22:29:53', '', NULL, '');
INSERT INTO `sys_menu` VALUES (2030, '文件管理删除', 2026, 4, '#', '', NULL, 1, 0, 'F', '0', '0', 'cms:fileInfo:remove', '#', 'admin', '2021-12-27 22:29:53', '', NULL, '');
INSERT INTO `sys_menu` VALUES (2031, '文件管理导出', 2026, 5, '#', '', NULL, 1, 0, 'F', '0', '0', 'cms:fileInfo:export', '#', 'admin', '2021-12-27 22:29:53', '', NULL, '');
INSERT INTO `sys_menu` VALUES (2032, '文章管理', 2007, 1, 'blog', 'cms/blog/index', NULL, 1, 0, 'C', '0', '0', 'cms:blog:list', '#', 'admin', '2022-01-01 22:25:42', '', NULL, '文章管理菜单');
INSERT INTO `sys_menu` VALUES (2033, '文章管理查询', 2032, 1, '#', '', NULL, 1, 0, 'F', '0', '0', 'cms:blog:query', '#', 'admin', '2022-01-01 22:25:42', '', NULL, '');
INSERT INTO `sys_menu` VALUES (2034, '文章管理新增', 2032, 2, '#', '', NULL, 1, 0, 'F', '0', '0', 'cms:blog:add', '#', 'admin', '2022-01-01 22:25:42', '', NULL, '');
INSERT INTO `sys_menu` VALUES (2035, '文章管理修改', 2032, 3, '#', '', NULL, 1, 0, 'F', '0', '0', 'cms:blog:edit', '#', 'admin', '2022-01-01 22:25:42', '', NULL, '');
INSERT INTO `sys_menu` VALUES (2036, '文章管理删除', 2032, 4, '#', '', NULL, 1, 0, 'F', '0', '0', 'cms:blog:remove', '#', 'admin', '2022-01-01 22:25:42', '', NULL, '');
INSERT INTO `sys_menu` VALUES (2037, '文章管理导出', 2032, 5, '#', '', NULL, 1, 0, 'F', '0', '0', 'cms:blog:export', '#', 'admin', '2022-01-01 22:25:42', '', NULL, '');
INSERT INTO `sys_menu` VALUES (2038, '随笔管理', 2007, 2, 'essay', 'cms/blog/essay', NULL, 1, 0, 'C', '0', '0', 'cms:blog:list', '#', 'admin', '2022-01-02 02:48:37', '', NULL, '随笔管理菜单');
INSERT INTO `sys_menu` VALUES (2039, '随笔管理查询', 2038, 1, '#', '', NULL, 1, 0, 'F', '0', '0', 'cms:blog:query', '#', 'admin', '2022-01-02 02:48:37', '', NULL, '');
INSERT INTO `sys_menu` VALUES (2040, '随笔管理新增', 2038, 2, '#', '', NULL, 1, 0, 'F', '0', '0', 'cms:blog:add', '#', 'admin', '2022-01-02 02:48:37', '', NULL, '');
INSERT INTO `sys_menu` VALUES (2041, '随笔管理修改', 2038, 3, '#', '', NULL, 1, 0, 'F', '0', '0', 'cms:blog:edit', '#', 'admin', '2022-01-02 02:48:37', '', NULL, '');
INSERT INTO `sys_menu` VALUES (2042, '随笔管理删除', 2038, 4, '#', '', NULL, 1, 0, 'F', '0', '0', 'cms:blog:remove', '#', 'admin', '2022-01-02 02:48:37', '', NULL, '');
INSERT INTO `sys_menu` VALUES (2043, '随笔管理导出', 2038, 5, '#', '', NULL, 1, 0, 'F', '0', '0', 'cms:blog:export', '#', 'admin', '2022-01-02 02:48:37', '', NULL, '');
INSERT INTO `sys_menu` VALUES (2044, '文档管理', 2007, 3, 'doucuments', 'cms/blog/doucuments', NULL, 1, 0, 'C', '0', '1', 'cms:blog:list', '#', 'admin', '2022-01-02 02:58:41', 'admin', '2022-02-08 18:01:09', '文档管理菜单');
INSERT INTO `sys_menu` VALUES (2045, '文档管理查询', 2044, 1, '#', '', NULL, 1, 0, 'F', '0', '0', 'cms:blog:query', '#', 'admin', '2022-01-02 02:58:41', '', NULL, '');
INSERT INTO `sys_menu` VALUES (2046, '文档管理新增', 2044, 2, '#', '', NULL, 1, 0, 'F', '0', '0', 'cms:blog:add', '#', 'admin', '2022-01-02 02:58:41', '', NULL, '');
INSERT INTO `sys_menu` VALUES (2047, '文档管理修改', 2044, 3, '#', '', NULL, 1, 0, 'F', '0', '0', 'cms:blog:edit', '#', 'admin', '2022-01-02 02:58:41', '', NULL, '');
INSERT INTO `sys_menu` VALUES (2048, '文档管理删除', 2044, 4, '#', '', NULL, 1, 0, 'F', '0', '0', 'cms:blog:remove', '#', 'admin', '2022-01-02 02:58:41', '', NULL, '');
INSERT INTO `sys_menu` VALUES (2049, '文档管理导出', 2044, 5, '#', '', NULL, 1, 0, 'F', '0', '0', 'cms:blog:export', '#', 'admin', '2022-01-02 02:58:41', '', NULL, '');
INSERT INTO `sys_menu` VALUES (2050, '标签管理', 2007, 5, 'tag', 'cms/tag/index', NULL, 1, 0, 'C', '0', '0', 'cms:tag:list', '#', 'admin', '2022-01-02 14:51:38', 'admin', '2022-01-02 14:52:31', '标签管理菜单');
INSERT INTO `sys_menu` VALUES (2051, '标签管理查询', 2050, 1, '#', '', NULL, 1, 0, 'F', '0', '0', 'cms:tag:query', '#', 'admin', '2022-01-02 14:51:38', '', NULL, '');
INSERT INTO `sys_menu` VALUES (2052, '标签管理新增', 2050, 2, '#', '', NULL, 1, 0, 'F', '0', '0', 'cms:tag:add', '#', 'admin', '2022-01-02 14:51:38', '', NULL, '');
INSERT INTO `sys_menu` VALUES (2053, '标签管理修改', 2050, 3, '#', '', NULL, 1, 0, 'F', '0', '0', 'cms:tag:edit', '#', 'admin', '2022-01-02 14:51:38', '', NULL, '');
INSERT INTO `sys_menu` VALUES (2054, '标签管理删除', 2050, 4, '#', '', NULL, 1, 0, 'F', '0', '0', 'cms:tag:remove', '#', 'admin', '2022-01-02 14:51:38', '', NULL, '');
INSERT INTO `sys_menu` VALUES (2055, '标签管理导出', 2050, 5, '#', '', NULL, 1, 0, 'F', '0', '0', 'cms:tag:export', '#', 'admin', '2022-01-02 14:51:38', '', NULL, '');
INSERT INTO `sys_menu` VALUES (2056, '分类管理', 2007, 4, 'type', 'cms/type/index', NULL, 1, 0, 'C', '0', '0', 'cms:type:list', '#', 'admin', '2022-01-02 15:04:23', 'admin', '2022-01-02 15:05:03', '分类管理菜单');
INSERT INTO `sys_menu` VALUES (2057, '分类管理查询', 2056, 1, '#', '', NULL, 1, 0, 'F', '0', '0', 'cms:type:query', '#', 'admin', '2022-01-02 15:04:23', '', NULL, '');
INSERT INTO `sys_menu` VALUES (2058, '分类管理新增', 2056, 2, '#', '', NULL, 1, 0, 'F', '0', '0', 'cms:type:add', '#', 'admin', '2022-01-02 15:04:23', '', NULL, '');
INSERT INTO `sys_menu` VALUES (2059, '分类管理修改', 2056, 3, '#', '', NULL, 1, 0, 'F', '0', '0', 'cms:type:edit', '#', 'admin', '2022-01-02 15:04:23', '', NULL, '');
INSERT INTO `sys_menu` VALUES (2060, '分类管理删除', 2056, 4, '#', '', NULL, 1, 0, 'F', '0', '0', 'cms:type:remove', '#', 'admin', '2022-01-02 15:04:23', '', NULL, '');
INSERT INTO `sys_menu` VALUES (2061, '分类管理导出', 2056, 5, '#', '', NULL, 1, 0, 'F', '0', '0', 'cms:type:export', '#', 'admin', '2022-01-02 15:04:23', '', NULL, '');
INSERT INTO `sys_menu` VALUES (2062, '留言管理', 2007, 6, 'message', 'cms/message/index', NULL, 1, 0, 'C', '0', '0', 'cms:message:list', '#', 'admin', '2022-01-15 13:47:29', 'admin', '2022-01-15 13:49:11', '留言管理菜单');
INSERT INTO `sys_menu` VALUES (2063, '留言管理查询', 2062, 1, '#', '', NULL, 1, 0, 'F', '0', '0', 'cms:message:query', '#', 'admin', '2022-01-15 13:47:29', '', NULL, '');
INSERT INTO `sys_menu` VALUES (2064, '留言管理新增', 2062, 2, '#', '', NULL, 1, 0, 'F', '0', '0', 'cms:message:add', '#', 'admin', '2022-01-15 13:47:29', '', NULL, '');
INSERT INTO `sys_menu` VALUES (2065, '留言管理修改', 2062, 3, '#', '', NULL, 1, 0, 'F', '0', '0', 'cms:message:edit', '#', 'admin', '2022-01-15 13:47:29', '', NULL, '');
INSERT INTO `sys_menu` VALUES (2066, '留言管理删除', 2062, 4, '#', '', NULL, 1, 0, 'F', '0', '0', 'cms:message:remove', '#', 'admin', '2022-01-15 13:47:29', '', NULL, '');
INSERT INTO `sys_menu` VALUES (2067, '留言管理导出', 2062, 5, '#', '', NULL, 1, 0, 'F', '0', '0', 'cms:message:export', '#', 'admin', '2022-01-15 13:47:29', '', NULL, '');
INSERT INTO `sys_menu` VALUES (2068, '评论管理', 2007, 7, 'comment', 'cms/comment/index', NULL, 1, 0, 'C', '0', '0', 'cms:comment:list', '#', 'admin', '2022-01-21 10:27:25', 'admin', '2022-01-21 10:28:24', '评论管理菜单');
INSERT INTO `sys_menu` VALUES (2069, '评论管理查询', 2068, 1, '#', '', NULL, 1, 0, 'F', '0', '0', 'cms:comment:query', '#', 'admin', '2022-01-21 10:27:25', '', NULL, '');
INSERT INTO `sys_menu` VALUES (2070, '评论管理新增', 2068, 2, '#', '', NULL, 1, 0, 'F', '0', '0', 'cms:comment:add', '#', 'admin', '2022-01-21 10:27:25', '', NULL, '');
INSERT INTO `sys_menu` VALUES (2071, '评论管理修改', 2068, 3, '#', '', NULL, 1, 0, 'F', '0', '0', 'cms:comment:edit', '#', 'admin', '2022-01-21 10:27:25', '', NULL, '');
INSERT INTO `sys_menu` VALUES (2072, '评论管理删除', 2068, 4, '#', '', NULL, 1, 0, 'F', '0', '0', 'cms:comment:remove', '#', 'admin', '2022-01-21 10:27:25', '', NULL, '');
INSERT INTO `sys_menu` VALUES (2073, '评论管理导出', 2068, 5, '#', '', NULL, 1, 0, 'F', '0', '0', 'cms:comment:export', '#', 'admin', '2022-01-21 10:27:25', '', NULL, '');



INSERT INTO `sys_dict_data` VALUES (102, 0, '已删除', 'Y', 'sys_file_info_del_flag', NULL, 'danger', 'N', '0', 'admin', '2021-12-27 22:21:32', 'admin', '2021-12-27 22:23:48', NULL);
INSERT INTO `sys_dict_data` VALUES (103, 1, '正常', 'N', 'sys_file_info_del_flag', NULL, 'success', 'N', '0', 'admin', '2021-12-27 22:22:01', 'admin', '2021-12-27 22:23:55', NULL);
INSERT INTO `sys_dict_data` VALUES (104, 0, '暂存', '0', 'cms_blog_status', NULL, 'primary', 'N', '0', 'admin', '2022-01-01 22:37:00', 'admin', '2022-01-01 22:37:35', NULL);
INSERT INTO `sys_dict_data` VALUES (105, 0, '发布', '1', 'cms_blog_status', NULL, 'success', 'N', '0', 'admin', '2022-01-01 22:37:51', '', NULL, NULL);

INSERT INTO `sys_dict_type` VALUES (101, '文件状态', 'sys_file_info_del_flag', '0', 'admin', '2021-12-27 22:20:51', 'admin', '2021-12-27 22:21:04', '是否删除');
INSERT INTO `sys_dict_type` VALUES (102, '内容状态', 'cms_blog_status', '0', 'admin', '2022-01-01 22:36:30', '', NULL, '暂存或发布');

INSERT INTO `sys_role` VALUES (3, '内容管理员角色', 'cms', 3, '1', 1, 1, '0', '0', 'admin', '2022-01-04 00:32:39', 'admin', '2022-01-21 10:27:52', NULL);


INSERT INTO `sys_role_menu` VALUES (3, 4);
INSERT INTO `sys_role_menu` VALUES (3, 2007);
INSERT INTO `sys_role_menu` VALUES (3, 2026);
INSERT INTO `sys_role_menu` VALUES (3, 2027);
INSERT INTO `sys_role_menu` VALUES (3, 2028);
INSERT INTO `sys_role_menu` VALUES (3, 2029);
INSERT INTO `sys_role_menu` VALUES (3, 2030);
INSERT INTO `sys_role_menu` VALUES (3, 2031);
INSERT INTO `sys_role_menu` VALUES (3, 2032);
INSERT INTO `sys_role_menu` VALUES (3, 2033);
INSERT INTO `sys_role_menu` VALUES (3, 2034);
INSERT INTO `sys_role_menu` VALUES (3, 2035);
INSERT INTO `sys_role_menu` VALUES (3, 2036);
INSERT INTO `sys_role_menu` VALUES (3, 2037);
INSERT INTO `sys_role_menu` VALUES (3, 2038);
INSERT INTO `sys_role_menu` VALUES (3, 2039);
INSERT INTO `sys_role_menu` VALUES (3, 2040);
INSERT INTO `sys_role_menu` VALUES (3, 2041);
INSERT INTO `sys_role_menu` VALUES (3, 2042);
INSERT INTO `sys_role_menu` VALUES (3, 2043);
INSERT INTO `sys_role_menu` VALUES (3, 2044);
INSERT INTO `sys_role_menu` VALUES (3, 2045);
INSERT INTO `sys_role_menu` VALUES (3, 2046);
INSERT INTO `sys_role_menu` VALUES (3, 2047);
INSERT INTO `sys_role_menu` VALUES (3, 2048);
INSERT INTO `sys_role_menu` VALUES (3, 2049);
INSERT INTO `sys_role_menu` VALUES (3, 2050);
INSERT INTO `sys_role_menu` VALUES (3, 2051);
INSERT INTO `sys_role_menu` VALUES (3, 2052);
INSERT INTO `sys_role_menu` VALUES (3, 2053);
INSERT INTO `sys_role_menu` VALUES (3, 2054);
INSERT INTO `sys_role_menu` VALUES (3, 2055);
INSERT INTO `sys_role_menu` VALUES (3, 2056);
INSERT INTO `sys_role_menu` VALUES (3, 2057);
INSERT INTO `sys_role_menu` VALUES (3, 2058);
INSERT INTO `sys_role_menu` VALUES (3, 2059);
INSERT INTO `sys_role_menu` VALUES (3, 2060);
INSERT INTO `sys_role_menu` VALUES (3, 2061);
INSERT INTO `sys_role_menu` VALUES (3, 2062);
INSERT INTO `sys_role_menu` VALUES (3, 2063);
INSERT INTO `sys_role_menu` VALUES (3, 2064);
INSERT INTO `sys_role_menu` VALUES (3, 2065);
INSERT INTO `sys_role_menu` VALUES (3, 2066);
INSERT INTO `sys_role_menu` VALUES (3, 2067);
INSERT INTO `sys_role_menu` VALUES (3, 2068);
INSERT INTO `sys_role_menu` VALUES (3, 2069);
INSERT INTO `sys_role_menu` VALUES (3, 2070);
INSERT INTO `sys_role_menu` VALUES (3, 2071);
INSERT INTO `sys_role_menu` VALUES (3, 2072);
INSERT INTO `sys_role_menu` VALUES (3, 2073);